/*!40101 SET @OLD_CHARACTER_SET_CLIENT=@@CHARACTER_SET_CLIENT */;
/*!40101 SET NAMES utf8 */;
/*!50503 SET NAMES utf8mb4 */;
/*!40014 SET @OLD_FOREIGN_KEY_CHECKS=@@FOREIGN_KEY_CHECKS, FOREIGN_KEY_CHECKS=0 */;
/*!40101 SET @OLD_SQL_MODE=@@SQL_MODE, SQL_MODE='NO_AUTO_VALUE_ON_ZERO' */;
/*!40111 SET @OLD_SQL_NOTES=@@SQL_NOTES, SQL_NOTES=0 */;

CREATE DATABASE IF NOT EXISTS `desis` /*!40100 DEFAULT CHARACTER SET utf8mb4 COLLATE utf8mb4_spanish_ci */;
USE `desis`;

CREATE TABLE IF NOT EXISTS `candidato` (
  `rut` bigint(20) unsigned NOT NULL DEFAULT '0',
  `nombre` varchar(50) COLLATE utf8mb4_spanish_ci NOT NULL,
  `apellido` varchar(50) COLLATE utf8mb4_spanish_ci NOT NULL,
  `created_at` timestamp NULL DEFAULT NULL,
  `updated_at` timestamp NULL DEFAULT NULL,
  PRIMARY KEY (`rut`)
) ENGINE=InnoDB DEFAULT CHARSET=utf8mb4 COLLATE=utf8mb4_spanish_ci;

/*!40000 ALTER TABLE `candidato` DISABLE KEYS */;
INSERT INTO `candidato` (`rut`, `nombre`, `apellido`, `created_at`, `updated_at`) VALUES
	(44444444, 'Juan ', 'Gomez', '2023-10-05 21:14:25', '2023-10-05 21:14:27'),
	(66666666, 'Angel', 'Jochi', '2023-10-05 21:14:28', '2023-10-05 21:14:30'),
	(77777777, 'Rene', 'Peralta', '2023-10-05 21:14:31', '2023-10-05 21:14:32'),
	(88888888, 'Rosa', 'perez', '2023-10-05 21:14:33', '2023-10-05 21:14:34');
/*!40000 ALTER TABLE `candidato` ENABLE KEYS */;

CREATE TABLE IF NOT EXISTS `comuna` (
  `id` bigint(20) unsigned NOT NULL AUTO_INCREMENT,
  `id_region` int(11) NOT NULL,
  `provincia` varchar(255) COLLATE utf8mb4_unicode_ci NOT NULL,
  `nombre` varchar(255) COLLATE utf8mb4_unicode_ci NOT NULL,
  `created_at` timestamp NULL DEFAULT NULL,
  `updated_at` timestamp NULL DEFAULT NULL,
  PRIMARY KEY (`id`)
) ENGINE=InnoDB AUTO_INCREMENT=363 DEFAULT CHARSET=utf8mb4 COLLATE=utf8mb4_unicode_ci;

/*!40000 ALTER TABLE `comuna` DISABLE KEYS */;
INSERT INTO `comuna` (`id`, `id_region`, `provincia`, `nombre`, `created_at`, `updated_at`) VALUES
	(2, 5, 'San Antonio', 'Algarrobo', '0000-00-00 00:00:00', '0000-00-00 00:00:00'),
	(3, 13, 'Melipilla', 'Alhue', '0000-00-00 00:00:00', '0000-00-00 00:00:00'),
	(4, 8, 'Bio-bio', 'Alto Biobio', '0000-00-00 00:00:00', '0000-00-00 00:00:00'),
	(5, 3, 'Huasco', 'Alto Del Carmen', '0000-00-00 00:00:00', '0000-00-00 00:00:00'),
	(6, 1, 'Iquique', 'Alto Hospicio', '0000-00-00 00:00:00', '0000-00-00 00:00:00'),
	(7, 10, 'Chiloe', 'Ancud', '0000-00-00 00:00:00', '0000-00-00 00:00:00'),
	(8, 4, 'Elqui', 'Andacollo', '0000-00-00 00:00:00', '0000-00-00 00:00:00'),
	(9, 9, 'Malleco', 'Angol', '0000-00-00 00:00:00', '0000-00-00 00:00:00'),
	(10, 12, 'Antartica Chilena', 'Antartica', '0000-00-00 00:00:00', '0000-00-00 00:00:00'),
	(11, 2, 'Antofagasta', 'Antofagasta', '0000-00-00 00:00:00', '0000-00-00 00:00:00'),
	(12, 8, 'Bio-bio', 'Antuco', '0000-00-00 00:00:00', '0000-00-00 00:00:00'),
	(13, 8, 'Arauco', 'Arauco', '0000-00-00 00:00:00', '0000-00-00 00:00:00'),
	(14, 15, 'Arica', 'Arica', '0000-00-00 00:00:00', '0000-00-00 00:00:00'),
	(15, 13, 'Maipo', 'Buin', '0000-00-00 00:00:00', '0000-00-00 00:00:00'),
	(16, 16, 'Ñuble', 'Bulnes', '0000-00-00 00:00:00', '0000-00-00 00:00:00'),
	(17, 5, 'Petorca', 'Cabildo', '0000-00-00 00:00:00', '0000-00-00 00:00:00'),
	(18, 12, 'Antartica Chilena', 'Cabo De Hornos', '0000-00-00 00:00:00', '0000-00-00 00:00:00'),
	(19, 8, 'Bio-bio', 'Cabrero', '0000-00-00 00:00:00', '0000-00-00 00:00:00'),
	(20, 2, 'El Loa', 'Calama', '0000-00-00 00:00:00', '0000-00-00 00:00:00'),
	(21, 10, 'Llanquihue', 'Calbuco', '0000-00-00 00:00:00', '0000-00-00 00:00:00'),
	(22, 3, 'Copiapo', 'Caldera', '0000-00-00 00:00:00', '0000-00-00 00:00:00'),
	(23, 5, 'Quillota', 'Calera', '0000-00-00 00:00:00', '0000-00-00 00:00:00'),
	(24, 13, 'Maipo', 'Calera De Tango', '0000-00-00 00:00:00', '0000-00-00 00:00:00'),
	(25, 5, 'Los Andes', 'Calle Larga', '0000-00-00 00:00:00', '0000-00-00 00:00:00'),
	(26, 15, 'Arica', 'Camarones', '0000-00-00 00:00:00', '0000-00-00 00:00:00'),
	(27, 1, 'Del Tamarugal', 'Camiña', '0000-00-00 00:00:00', '0000-00-00 00:00:00'),
	(28, 4, 'Choapa', 'Canela', '0000-00-00 00:00:00', '0000-00-00 00:00:00'),
	(29, 8, 'Arauco', 'Cañete', '0000-00-00 00:00:00', '0000-00-00 00:00:00'),
	(30, 9, 'Cautin', 'Carahue', '0000-00-00 00:00:00', '0000-00-00 00:00:00'),
	(31, 5, 'San Antonio', 'Cartagena', '0000-00-00 00:00:00', '0000-00-00 00:00:00'),
	(32, 5, 'Valparaiso', 'Casablanca', '0000-00-00 00:00:00', '0000-00-00 00:00:00'),
	(33, 10, 'Chiloe', 'Castro', '0000-00-00 00:00:00', '0000-00-00 00:00:00'),
	(34, 5, 'San Felipe', 'Catemu', '0000-00-00 00:00:00', '0000-00-00 00:00:00'),
	(35, 7, 'Cauquenes', 'Cauquenes', '0000-00-00 00:00:00', '0000-00-00 00:00:00'),
	(36, 13, 'Santiago', 'Cerrillos', '0000-00-00 00:00:00', '0000-00-00 00:00:00'),
	(37, 13, 'Santiago', 'Cerro Navia', '0000-00-00 00:00:00', '0000-00-00 00:00:00'),
	(38, 10, 'Palena', 'Chaiten', '0000-00-00 00:00:00', '0000-00-00 00:00:00'),
	(39, 3, 'Chañaral', 'Chañaral', '0000-00-00 00:00:00', '0000-00-00 00:00:00'),
	(40, 7, 'Cauquenes', 'Chanco', '0000-00-00 00:00:00', '0000-00-00 00:00:00'),
	(41, 6, 'Colchagua', 'Chepica', '0000-00-00 00:00:00', '0000-00-00 00:00:00'),
	(42, 8, 'Concepcion', 'Chiguayante', '0000-00-00 00:00:00', '0000-00-00 00:00:00'),
	(43, 11, 'General Carrera', 'Chile Chico', '0000-00-00 00:00:00', '0000-00-00 00:00:00'),
	(44, 16, 'Ñuble', 'Chillan', '0000-00-00 00:00:00', '0000-00-00 00:00:00'),
	(45, 16, 'Ñuble', 'Chillan Viejo', '0000-00-00 00:00:00', '0000-00-00 00:00:00'),
	(46, 6, 'Colchagua', 'Chimbarongo', '0000-00-00 00:00:00', '0000-00-00 00:00:00'),
	(47, 9, 'Cautin', 'Cholchol', '0000-00-00 00:00:00', '0000-00-00 00:00:00'),
	(48, 10, 'Chiloe', 'Chonchi', '0000-00-00 00:00:00', '0000-00-00 00:00:00'),
	(49, 11, 'Aisen', 'Cisnes', '0000-00-00 00:00:00', '0000-00-00 00:00:00'),
	(50, 16, 'Ñuble', 'Cobquecura', '0000-00-00 00:00:00', '0000-00-00 00:00:00'),
	(51, 10, 'Llanquihue', 'Cochamo', '0000-00-00 00:00:00', '0000-00-00 00:00:00'),
	(52, 11, 'Capitan Prat', 'Cochrane', '0000-00-00 00:00:00', '0000-00-00 00:00:00'),
	(53, 6, 'Cachapoal', 'Codegua', '0000-00-00 00:00:00', '0000-00-00 00:00:00'),
	(54, 16, 'Ñuble', 'Coelemu', '0000-00-00 00:00:00', '0000-00-00 00:00:00'),
	(55, 16, 'Ñuble', 'Coihueco', '0000-00-00 00:00:00', '0000-00-00 00:00:00'),
	(56, 6, 'Cachapoal', 'Coinco', '0000-00-00 00:00:00', '0000-00-00 00:00:00'),
	(57, 7, 'Linares', 'Colbun', '0000-00-00 00:00:00', '0000-00-00 00:00:00'),
	(58, 1, 'Del Tamarugal', 'Colchane', '0000-00-00 00:00:00', '0000-00-00 00:00:00'),
	(59, 13, 'Chacabuco', 'Colina', '0000-00-00 00:00:00', '0000-00-00 00:00:00'),
	(60, 9, 'Malleco', 'Collipulli', '0000-00-00 00:00:00', '0000-00-00 00:00:00'),
	(61, 6, 'Cachapoal', 'Coltauco', '0000-00-00 00:00:00', '0000-00-00 00:00:00'),
	(62, 4, 'Limari', 'Combarbala', '0000-00-00 00:00:00', '0000-00-00 00:00:00'),
	(63, 8, 'Concepcion', 'Concepcion', '0000-00-00 00:00:00', '0000-00-00 00:00:00'),
	(64, 13, 'Santiago', 'Conchali', '0000-00-00 00:00:00', '0000-00-00 00:00:00'),
	(65, 5, 'Valparaiso', 'Concon', '0000-00-00 00:00:00', '0000-00-00 00:00:00'),
	(66, 7, 'Talca', 'Constitucion', '0000-00-00 00:00:00', '0000-00-00 00:00:00'),
	(67, 8, 'Arauco', 'Contulmo', '0000-00-00 00:00:00', '0000-00-00 00:00:00'),
	(68, 3, 'Copiapó', 'Copiapó', '0000-00-00 00:00:00', '0000-00-00 00:00:00'),
	(69, 4, 'Elqui', 'Coquimbo', '0000-00-00 00:00:00', '0000-00-00 00:00:00'),
	(70, 8, 'Concepcion', 'Coronel', '0000-00-00 00:00:00', '0000-00-00 00:00:00'),
	(71, 14, 'Valdivia', 'Corral', '0000-00-00 00:00:00', '0000-00-00 00:00:00'),
	(72, 11, 'Coyhaique', 'Coyhaique', '0000-00-00 00:00:00', '0000-00-00 00:00:00'),
	(73, 9, 'Cautin', 'Cunco', '0000-00-00 00:00:00', '0000-00-00 00:00:00'),
	(74, 9, 'Malleco', 'Curacautin', '0000-00-00 00:00:00', '0000-00-00 00:00:00'),
	(75, 13, 'Melipilla', 'Curacavi', '0000-00-00 00:00:00', '0000-00-00 00:00:00'),
	(76, 10, 'Chiloe', 'Curaco De Velez', '0000-00-00 00:00:00', '0000-00-00 00:00:00'),
	(77, 8, 'Arauco', 'Curanilahue', '0000-00-00 00:00:00', '0000-00-00 00:00:00'),
	(78, 9, 'Cautin', 'Curarrehue', '0000-00-00 00:00:00', '0000-00-00 00:00:00'),
	(79, 7, 'Talca', 'Curepto', '0000-00-00 00:00:00', '0000-00-00 00:00:00'),
	(80, 7, 'Curico', 'Curico', '0000-00-00 00:00:00', '0000-00-00 00:00:00'),
	(81, 10, 'Chiloe', 'Dalcahue', '0000-00-00 00:00:00', '0000-00-00 00:00:00'),
	(82, 3, 'Chañaral', 'Diego De Almagro', '0000-00-00 00:00:00', '0000-00-00 00:00:00'),
	(83, 6, 'Cachapoal', 'Doñihue', '0000-00-00 00:00:00', '0000-00-00 00:00:00'),
	(84, 13, 'Santiago', 'El Bosque', '0000-00-00 00:00:00', '0000-00-00 00:00:00'),
	(85, 16, 'Ñuble', 'El Carmen', '0000-00-00 00:00:00', '0000-00-00 00:00:00'),
	(86, 13, 'Talagante', 'El Monte', '0000-00-00 00:00:00', '0000-00-00 00:00:00'),
	(87, 5, 'San Antonio', 'El Quisco', '0000-00-00 00:00:00', '0000-00-00 00:00:00'),
	(88, 5, 'San Antonio', 'El Tabo', '0000-00-00 00:00:00', '0000-00-00 00:00:00'),
	(89, 7, 'Talca', 'Empedrado', '0000-00-00 00:00:00', '0000-00-00 00:00:00'),
	(90, 9, 'Malleco', 'Ercilla', '0000-00-00 00:00:00', '0000-00-00 00:00:00'),
	(91, 13, 'Santiago', 'Estacion Central', '0000-00-00 00:00:00', '0000-00-00 00:00:00'),
	(92, 8, 'Concepcion', 'Florida', '0000-00-00 00:00:00', '0000-00-00 00:00:00'),
	(93, 9, 'Cautin', 'Freire', '0000-00-00 00:00:00', '0000-00-00 00:00:00'),
	(94, 3, 'Huasco', 'Freirina', '0000-00-00 00:00:00', '0000-00-00 00:00:00'),
	(95, 10, 'Llanquihue', 'Fresia', '0000-00-00 00:00:00', '0000-00-00 00:00:00'),
	(96, 10, 'Llanquihue', 'Frutillar', '0000-00-00 00:00:00', '0000-00-00 00:00:00'),
	(97, 10, 'Palena', 'Futaleufu', '0000-00-00 00:00:00', '0000-00-00 00:00:00'),
	(98, 14, 'Ranco', 'Futrono', '0000-00-00 00:00:00', '0000-00-00 00:00:00'),
	(99, 9, 'Cautin', 'Galvarino', '0000-00-00 00:00:00', '0000-00-00 00:00:00'),
	(100, 15, 'Parinacota', 'General Lagos', '0000-00-00 00:00:00', '0000-00-00 00:00:00'),
	(101, 9, 'Cautin', 'Gorbea', '0000-00-00 00:00:00', '0000-00-00 00:00:00'),
	(102, 6, 'Cachapoal', 'Graneros', '0000-00-00 00:00:00', '0000-00-00 00:00:00'),
	(103, 11, 'Aisen', 'Guaitecas', '0000-00-00 00:00:00', '0000-00-00 00:00:00'),
	(104, 5, 'Quillota', 'Hijuelas', '0000-00-00 00:00:00', '0000-00-00 00:00:00'),
	(105, 10, 'Palena', 'Hualaihue', '0000-00-00 00:00:00', '0000-00-00 00:00:00'),
	(106, 7, 'Curico', 'Hualañe', '0000-00-00 00:00:00', '0000-00-00 00:00:00'),
	(107, 8, 'Concepcion', 'Hualpen', '0000-00-00 00:00:00', '0000-00-00 00:00:00'),
	(108, 8, 'Concepcion', 'Hualqui', '0000-00-00 00:00:00', '0000-00-00 00:00:00'),
	(109, 1, 'Del Tamarugal', 'Huara', '0000-00-00 00:00:00', '0000-00-00 00:00:00'),
	(110, 3, 'Huasco', 'Huasco', '0000-00-00 00:00:00', '0000-00-00 00:00:00'),
	(111, 13, 'Santiago', 'Huechuraba', '0000-00-00 00:00:00', '0000-00-00 00:00:00'),
	(112, 4, 'Choapa', 'Illapel', '0000-00-00 00:00:00', '0000-00-00 00:00:00'),
	(113, 13, 'Santiago', 'Independencia', '0000-00-00 00:00:00', '0000-00-00 00:00:00'),
	(114, 1, 'Iquique', 'Iquique', '0000-00-00 00:00:00', '0000-00-00 00:00:00'),
	(115, 13, 'Talagante', 'Isla De Maipo', '0000-00-00 00:00:00', '0000-00-00 00:00:00'),
	(116, 5, 'Isla De Pascua', 'Isla De Pascua', '0000-00-00 00:00:00', '0000-00-00 00:00:00'),
	(117, 5, 'Valparaiso', 'Juan Fernandez', '0000-00-00 00:00:00', '0000-00-00 00:00:00'),
	(118, 13, 'Santiago', 'La Cisterna', '0000-00-00 00:00:00', '0000-00-00 00:00:00'),
	(119, 5, 'Quillota', 'La Cruz', '0000-00-00 00:00:00', '0000-00-00 00:00:00'),
	(120, 6, 'Cardenal Caro', 'La Estrella', '0000-00-00 00:00:00', '0000-00-00 00:00:00'),
	(121, 13, 'Santiago', 'La Florida', '0000-00-00 00:00:00', '0000-00-00 00:00:00'),
	(122, 13, 'Santiago', 'La Granja', '0000-00-00 00:00:00', '0000-00-00 00:00:00'),
	(123, 4, 'Elqui', 'La Higuera', '0000-00-00 00:00:00', '0000-00-00 00:00:00'),
	(124, 5, 'Petorca', 'La Ligua', '0000-00-00 00:00:00', '0000-00-00 00:00:00'),
	(125, 13, 'Santiago', 'La Pintana', '0000-00-00 00:00:00', '0000-00-00 00:00:00'),
	(126, 13, 'Santiago', 'La Reina', '0000-00-00 00:00:00', '0000-00-00 00:00:00'),
	(127, 4, 'Elqui', 'La Serena', '0000-00-00 00:00:00', '0000-00-00 00:00:00'),
	(128, 14, 'Ranco', 'La Union', '0000-00-00 00:00:00', '0000-00-00 00:00:00'),
	(129, 14, 'Ranco', 'Lago Ranco', '0000-00-00 00:00:00', '0000-00-00 00:00:00'),
	(130, 11, 'Coyhaique', 'Lago Verde', '0000-00-00 00:00:00', '0000-00-00 00:00:00'),
	(131, 12, 'Magallanes', 'Laguna Blanca', '0000-00-00 00:00:00', '0000-00-00 00:00:00'),
	(132, 8, 'Bio-bio', 'Laja', '0000-00-00 00:00:00', '0000-00-00 00:00:00'),
	(133, 13, 'Chacabuco', 'Lampa', '0000-00-00 00:00:00', '0000-00-00 00:00:00'),
	(134, 14, 'Valdivia', 'Lanco', '0000-00-00 00:00:00', '0000-00-00 00:00:00'),
	(135, 6, 'Cachapoal', 'Las Cabras', '0000-00-00 00:00:00', '0000-00-00 00:00:00'),
	(136, 13, 'Santiago', 'Las Condes', '0000-00-00 00:00:00', '0000-00-00 00:00:00'),
	(137, 9, 'Cautin', 'Lautaro', '0000-00-00 00:00:00', '0000-00-00 00:00:00'),
	(138, 8, 'Arauco', 'Lebu', '0000-00-00 00:00:00', '0000-00-00 00:00:00'),
	(139, 7, 'Curico', 'Licanten', '0000-00-00 00:00:00', '0000-00-00 00:00:00'),
	(140, 5, 'Quillota', 'Limache', '0000-00-00 00:00:00', '0000-00-00 00:00:00'),
	(141, 7, 'Linares', 'Linares', '0000-00-00 00:00:00', '0000-00-00 00:00:00'),
	(142, 6, 'Cardenal Caro', 'Litueche', '0000-00-00 00:00:00', '0000-00-00 00:00:00'),
	(143, 10, 'Llanquihue', 'Llanquihue', '0000-00-00 00:00:00', '0000-00-00 00:00:00'),
	(144, 5, 'San Felipe', 'Llay-llay', '0000-00-00 00:00:00', '0000-00-00 00:00:00'),
	(145, 13, 'Santiago', 'Lo Barnechea', '0000-00-00 00:00:00', '0000-00-00 00:00:00'),
	(146, 13, 'Santiago', 'Lo Espejo', '0000-00-00 00:00:00', '0000-00-00 00:00:00'),
	(147, 13, 'Santiago', 'Lo Prado', '0000-00-00 00:00:00', '0000-00-00 00:00:00'),
	(148, 6, 'Colchagua', 'Lolol', '0000-00-00 00:00:00', '0000-00-00 00:00:00'),
	(149, 9, 'Cautin', 'Loncoche', '0000-00-00 00:00:00', '0000-00-00 00:00:00'),
	(150, 7, 'Linares', 'Longavi', '0000-00-00 00:00:00', '0000-00-00 00:00:00'),
	(151, 9, 'Malleco', 'Lonquimay', '0000-00-00 00:00:00', '0000-00-00 00:00:00'),
	(152, 8, 'Arauco', 'Los Alamos', '0000-00-00 00:00:00', '0000-00-00 00:00:00'),
	(153, 5, 'Los Andes', 'Los Andes', '0000-00-00 00:00:00', '0000-00-00 00:00:00'),
	(154, 8, 'Bio-bio', 'Los Angeles', '0000-00-00 00:00:00', '0000-00-00 00:00:00'),
	(155, 14, 'Valdivia', 'Los Lagos', '0000-00-00 00:00:00', '0000-00-00 00:00:00'),
	(156, 10, 'Llanquihue', 'Los Muermos', '0000-00-00 00:00:00', '0000-00-00 00:00:00'),
	(157, 9, 'Malleco', 'Los Sauces', '0000-00-00 00:00:00', '0000-00-00 00:00:00'),
	(158, 4, 'Choapa', 'Los Vilos', '0000-00-00 00:00:00', '0000-00-00 00:00:00'),
	(159, 8, 'Concepcion', 'Lota', '0000-00-00 00:00:00', '0000-00-00 00:00:00'),
	(160, 9, 'Malleco', 'Lumaco', '0000-00-00 00:00:00', '0000-00-00 00:00:00'),
	(161, 6, 'Cachapoal', 'Machali', '0000-00-00 00:00:00', '0000-00-00 00:00:00'),
	(162, 13, 'Santiago', 'Macul', '0000-00-00 00:00:00', '0000-00-00 00:00:00'),
	(163, 14, 'Valdivia', 'Mafil', '0000-00-00 00:00:00', '0000-00-00 00:00:00'),
	(164, 13, 'Santiago', 'Maipu', '0000-00-00 00:00:00', '0000-00-00 00:00:00'),
	(165, 6, 'Cachapoal', 'Malloa', '0000-00-00 00:00:00', '0000-00-00 00:00:00'),
	(166, 6, 'Cardenal Caro', 'Marchigue', '0000-00-00 00:00:00', '0000-00-00 00:00:00'),
	(167, 2, 'Tocopilla', 'Maria Elena', '0000-00-00 00:00:00', '0000-00-00 00:00:00'),
	(168, 13, 'Melipilla', 'Maria Pinto', '0000-00-00 00:00:00', '0000-00-00 00:00:00'),
	(169, 14, 'Valdivia', 'Mariquina', '0000-00-00 00:00:00', '0000-00-00 00:00:00'),
	(170, 7, 'Talca', 'Maule', '0000-00-00 00:00:00', '0000-00-00 00:00:00'),
	(171, 10, 'Llanquihue', 'Maullin', '0000-00-00 00:00:00', '0000-00-00 00:00:00'),
	(172, 2, 'Antofagasta', 'Mejillones', '0000-00-00 00:00:00', '0000-00-00 00:00:00'),
	(173, 9, 'Cautin', 'Melipeuco', '0000-00-00 00:00:00', '0000-00-00 00:00:00'),
	(174, 13, 'Melipilla', 'Melipilla', '0000-00-00 00:00:00', '0000-00-00 00:00:00'),
	(175, 7, 'Curico', 'Molina', '0000-00-00 00:00:00', '0000-00-00 00:00:00'),
	(176, 4, 'Limari', 'Monte Patria', '0000-00-00 00:00:00', '0000-00-00 00:00:00'),
	(177, 6, 'Cachapoal', 'Mostazal', '0000-00-00 00:00:00', '0000-00-00 00:00:00'),
	(178, 8, 'Bio-bio', 'Mulchen', '0000-00-00 00:00:00', '0000-00-00 00:00:00'),
	(179, 8, 'Bio-bio', 'Nacimiento', '0000-00-00 00:00:00', '0000-00-00 00:00:00'),
	(180, 6, 'Colchagua', 'Nancagua', '0000-00-00 00:00:00', '0000-00-00 00:00:00'),
	(181, 12, 'Ultima Esperanza', 'Natales', '0000-00-00 00:00:00', '0000-00-00 00:00:00'),
	(182, 6, 'Cardenal Caro', 'Navidad', '0000-00-00 00:00:00', '0000-00-00 00:00:00'),
	(183, 8, 'Bio-bio', 'Negrete', '0000-00-00 00:00:00', '0000-00-00 00:00:00'),
	(184, 16, 'Ñuble', 'Ninhue', '0000-00-00 00:00:00', '0000-00-00 00:00:00'),
	(185, 16, 'Ñuble', 'Ñiquén', '0000-00-00 00:00:00', '0000-00-00 00:00:00'),
	(186, 5, 'Quillota', 'Nogales', '0000-00-00 00:00:00', '0000-00-00 00:00:00'),
	(187, 9, 'Cautin', 'Nueva Imperial', '0000-00-00 00:00:00', '0000-00-00 00:00:00'),
	(188, 13, 'Santiago', 'Ñuñoa', '0000-00-00 00:00:00', '0000-00-00 00:00:00'),
	(189, 11, 'Capitan Prat', 'O\'higgins', '0000-00-00 00:00:00', '0000-00-00 00:00:00'),
	(190, 6, 'Cachapoal', 'Olivar', '0000-00-00 00:00:00', '0000-00-00 00:00:00'),
	(191, 2, 'El Loa', 'Ollague', '0000-00-00 00:00:00', '0000-00-00 00:00:00'),
	(192, 5, 'Quillota', 'Olmue', '0000-00-00 00:00:00', '0000-00-00 00:00:00'),
	(193, 10, 'Osorno', 'Osorno', '0000-00-00 00:00:00', '0000-00-00 00:00:00'),
	(194, 4, 'Limari', 'Ovalle', '0000-00-00 00:00:00', '0000-00-00 00:00:00'),
	(195, 13, 'Talagante', 'Padre Hurtado', '0000-00-00 00:00:00', '0000-00-00 00:00:00'),
	(196, 9, 'Cautin', 'Padre Las Casas', '0000-00-00 00:00:00', '0000-00-00 00:00:00'),
	(197, 4, 'Elqui', 'Paihuano', '0000-00-00 00:00:00', '0000-00-00 00:00:00'),
	(198, 14, 'Valdivia', 'Paillaco', '0000-00-00 00:00:00', '0000-00-00 00:00:00'),
	(199, 13, 'Maipo', 'Paine', '0000-00-00 00:00:00', '0000-00-00 00:00:00'),
	(200, 10, 'Palena', 'Palena', '0000-00-00 00:00:00', '0000-00-00 00:00:00'),
	(201, 6, 'Colchagua', 'Palmilla', '0000-00-00 00:00:00', '0000-00-00 00:00:00'),
	(202, 14, 'Valdivia', 'Panguipulli', '0000-00-00 00:00:00', '0000-00-00 00:00:00'),
	(203, 5, 'San Felipe', 'Panquehue', '0000-00-00 00:00:00', '0000-00-00 00:00:00'),
	(204, 5, 'Petorca', 'Papudo', '0000-00-00 00:00:00', '0000-00-00 00:00:00'),
	(205, 6, 'Cardenal Caro', 'Paredones', '0000-00-00 00:00:00', '0000-00-00 00:00:00'),
	(206, 7, 'Linares', 'Parral', '0000-00-00 00:00:00', '0000-00-00 00:00:00'),
	(207, 13, 'Santiago', 'Pedro Aguirre Cerda', '0000-00-00 00:00:00', '0000-00-00 00:00:00'),
	(208, 7, 'Talca', 'Pelarco', '0000-00-00 00:00:00', '0000-00-00 00:00:00'),
	(209, 7, 'Cauquenes', 'Pelluhue', '0000-00-00 00:00:00', '0000-00-00 00:00:00'),
	(210, 16, 'Ñuble', 'Pemuco', '0000-00-00 00:00:00', '0000-00-00 00:00:00'),
	(211, 13, 'Talagante', 'Peñaflor', '0000-00-00 00:00:00', '0000-00-00 00:00:00'),
	(212, 13, 'Santiago', 'Peñalolen', '0000-00-00 00:00:00', '0000-00-00 00:00:00'),
	(213, 7, 'Talca', 'Pencahue', '0000-00-00 00:00:00', '0000-00-00 00:00:00'),
	(214, 8, 'Concepcion', 'Penco', '0000-00-00 00:00:00', '0000-00-00 00:00:00'),
	(215, 6, 'Colchagua', 'Peralillo', '0000-00-00 00:00:00', '0000-00-00 00:00:00'),
	(216, 9, 'Cautin', 'Perquenco', '0000-00-00 00:00:00', '0000-00-00 00:00:00'),
	(217, 5, 'Petorca', 'Petorca', '0000-00-00 00:00:00', '0000-00-00 00:00:00'),
	(218, 6, 'Cachapoal', 'Peumo', '0000-00-00 00:00:00', '0000-00-00 00:00:00'),
	(219, 1, 'Del Tamarugal', 'Pica', '0000-00-00 00:00:00', '0000-00-00 00:00:00'),
	(220, 6, 'Cachapoal', 'Pichidegua', '0000-00-00 00:00:00', '0000-00-00 00:00:00'),
	(221, 6, 'Cardenal Caro', 'Pichilemu', '0000-00-00 00:00:00', '0000-00-00 00:00:00'),
	(222, 16, 'Ñuble', 'Pinto', '0000-00-00 00:00:00', '0000-00-00 00:00:00'),
	(223, 13, 'Cordillera', 'Pirque', '0000-00-00 00:00:00', '0000-00-00 00:00:00'),
	(224, 9, 'Cautin', 'Pitrufquen', '0000-00-00 00:00:00', '0000-00-00 00:00:00'),
	(225, 6, 'Colchagua', 'Placilla', '0000-00-00 00:00:00', '0000-00-00 00:00:00'),
	(226, 16, 'Ñuble', 'Portezuelo', '0000-00-00 00:00:00', '0000-00-00 00:00:00'),
	(227, 12, 'Tierra Del Fuego', 'Porvenir', '0000-00-00 00:00:00', '0000-00-00 00:00:00'),
	(228, 1, 'Del Tamarugal', 'Pozo Almonte', '0000-00-00 00:00:00', '0000-00-00 00:00:00'),
	(229, 12, 'Tierra Del Fuego', 'Primavera', '0000-00-00 00:00:00', '0000-00-00 00:00:00'),
	(230, 13, 'Santiago', 'Providencia', '0000-00-00 00:00:00', '0000-00-00 00:00:00'),
	(231, 5, 'Valparaiso', 'Puchuncavi', '0000-00-00 00:00:00', '0000-00-00 00:00:00'),
	(232, 9, 'Cautin', 'Pucon', '0000-00-00 00:00:00', '0000-00-00 00:00:00'),
	(233, 13, 'Santiago', 'Pudahuel', '0000-00-00 00:00:00', '0000-00-00 00:00:00'),
	(234, 13, 'Cordillera', 'Puente Alto', '0000-00-00 00:00:00', '0000-00-00 00:00:00'),
	(235, 10, 'Llanquihue', 'Puerto Montt', '0000-00-00 00:00:00', '0000-00-00 00:00:00'),
	(236, 10, 'Osorno', 'Puerto Octay', '0000-00-00 00:00:00', '0000-00-00 00:00:00'),
	(237, 10, 'Llanquihue', 'Puerto Varas', '0000-00-00 00:00:00', '0000-00-00 00:00:00'),
	(238, 6, 'Colchagua', 'Pumanque', '0000-00-00 00:00:00', '0000-00-00 00:00:00'),
	(239, 4, 'Limari', 'Punitaqui', '0000-00-00 00:00:00', '0000-00-00 00:00:00'),
	(240, 12, 'Magallanes', 'Punta Arenas', '0000-00-00 00:00:00', '0000-00-00 00:00:00'),
	(241, 10, 'Chiloe', 'Puqueldon', '0000-00-00 00:00:00', '0000-00-00 00:00:00'),
	(242, 9, 'Malleco', 'Puren', '0000-00-00 00:00:00', '0000-00-00 00:00:00'),
	(243, 10, 'Osorno', 'Purranque', '0000-00-00 00:00:00', '0000-00-00 00:00:00'),
	(244, 5, 'San Felipe', 'Putaendo', '0000-00-00 00:00:00', '0000-00-00 00:00:00'),
	(245, 15, 'Parinacota', 'Putre', '0000-00-00 00:00:00', '0000-00-00 00:00:00'),
	(246, 10, 'Osorno', 'Puyehue', '0000-00-00 00:00:00', '0000-00-00 00:00:00'),
	(247, 10, 'Chiloe', 'Queilen', '0000-00-00 00:00:00', '0000-00-00 00:00:00'),
	(248, 10, 'Chiloe', 'Quellon', '0000-00-00 00:00:00', '0000-00-00 00:00:00'),
	(249, 10, 'Chiloe', 'Quemchi', '0000-00-00 00:00:00', '0000-00-00 00:00:00'),
	(250, 8, 'Bio-bio', 'Quilaco', '0000-00-00 00:00:00', '0000-00-00 00:00:00'),
	(251, 13, 'Santiago', 'Quilicura', '0000-00-00 00:00:00', '0000-00-00 00:00:00'),
	(252, 8, 'Bio-bio', 'Quilleco', '0000-00-00 00:00:00', '0000-00-00 00:00:00'),
	(253, 16, 'Ñuble', 'Quillon', '0000-00-00 00:00:00', '0000-00-00 00:00:00'),
	(254, 5, 'Quillota', 'Quillota', '0000-00-00 00:00:00', '0000-00-00 00:00:00'),
	(255, 5, 'Valparaiso', 'Quilpue', '0000-00-00 00:00:00', '0000-00-00 00:00:00'),
	(256, 10, 'Chiloe', 'Quinchao', '0000-00-00 00:00:00', '0000-00-00 00:00:00'),
	(257, 6, 'Cachapoal', 'Quinta De Tilcoco', '0000-00-00 00:00:00', '0000-00-00 00:00:00'),
	(258, 13, 'Santiago', 'Quinta Normal', '0000-00-00 00:00:00', '0000-00-00 00:00:00'),
	(259, 5, 'Valparaiso', 'Quintero', '0000-00-00 00:00:00', '0000-00-00 00:00:00'),
	(260, 16, 'Ñuble', 'Quirihue', '0000-00-00 00:00:00', '0000-00-00 00:00:00'),
	(261, 6, 'Cachapoal', 'Rancagua', '0000-00-00 00:00:00', '0000-00-00 00:00:00'),
	(262, 16, 'Ñuble', 'Ranquil', '0000-00-00 00:00:00', '0000-00-00 00:00:00'),
	(263, 7, 'Curico', 'Rauco', '0000-00-00 00:00:00', '0000-00-00 00:00:00'),
	(264, 13, 'Santiago', 'Recoleta', '0000-00-00 00:00:00', '0000-00-00 00:00:00'),
	(265, 9, 'Malleco', 'Renaico', '0000-00-00 00:00:00', '0000-00-00 00:00:00'),
	(266, 13, 'Santiago', 'Renca', '0000-00-00 00:00:00', '0000-00-00 00:00:00'),
	(267, 6, 'Cachapoal', 'Rengo', '0000-00-00 00:00:00', '0000-00-00 00:00:00'),
	(268, 6, 'Cachapoal', 'Requinoa', '0000-00-00 00:00:00', '0000-00-00 00:00:00'),
	(269, 7, 'Linares', 'Retiro', '0000-00-00 00:00:00', '0000-00-00 00:00:00'),
	(270, 5, 'Los Andes', 'Rinconada', '0000-00-00 00:00:00', '0000-00-00 00:00:00'),
	(271, 14, 'Ranco', 'Rio Bueno', '0000-00-00 00:00:00', '0000-00-00 00:00:00'),
	(272, 7, 'Talca', 'Rio Claro', '0000-00-00 00:00:00', '0000-00-00 00:00:00'),
	(273, 4, 'Limari', 'Rio Hurtado', '0000-00-00 00:00:00', '0000-00-00 00:00:00'),
	(274, 11, 'General Carrera', 'Rio Ibañez', '0000-00-00 00:00:00', '0000-00-00 00:00:00'),
	(275, 10, 'Osorno', 'Rio Negro', '0000-00-00 00:00:00', '0000-00-00 00:00:00'),
	(276, 12, 'Magallanes', 'Rio Verde', '0000-00-00 00:00:00', '0000-00-00 00:00:00'),
	(277, 7, 'Curico', 'Romeral', '0000-00-00 00:00:00', '0000-00-00 00:00:00'),
	(278, 9, 'Cautin', 'Saavedra', '0000-00-00 00:00:00', '0000-00-00 00:00:00'),
	(279, 7, 'Curico', 'Sagrada Familia', '0000-00-00 00:00:00', '0000-00-00 00:00:00'),
	(280, 4, 'Choapa', 'Salamanca', '0000-00-00 00:00:00', '0000-00-00 00:00:00'),
	(281, 5, 'San Antonio', 'San Antonio', '0000-00-00 00:00:00', '0000-00-00 00:00:00'),
	(282, 13, 'Maipo', 'San Bernardo', '0000-00-00 00:00:00', '0000-00-00 00:00:00'),
	(283, 16, 'Ñuble', 'San Carlos', '0000-00-00 00:00:00', '0000-00-00 00:00:00'),
	(284, 7, 'Talca', 'San Clemente', '0000-00-00 00:00:00', '0000-00-00 00:00:00'),
	(285, 5, 'Los Andes', 'San Esteban', '0000-00-00 00:00:00', '0000-00-00 00:00:00'),
	(286, 16, 'Ñuble', 'San Fabian', '0000-00-00 00:00:00', '0000-00-00 00:00:00'),
	(287, 5, 'San Felipe', 'San Felipe', '0000-00-00 00:00:00', '0000-00-00 00:00:00'),
	(288, 6, 'Colchagua', 'San Fernando', '0000-00-00 00:00:00', '0000-00-00 00:00:00'),
	(289, 12, 'Magallanes', 'San Gregorio', '0000-00-00 00:00:00', '0000-00-00 00:00:00'),
	(290, 16, 'Ñuble', 'San Ignacio', '0000-00-00 00:00:00', '0000-00-00 00:00:00'),
	(291, 7, 'Linares', 'San Javier', '0000-00-00 00:00:00', '0000-00-00 00:00:00'),
	(292, 13, 'Santiago', 'San Joaquin', '0000-00-00 00:00:00', '0000-00-00 00:00:00'),
	(293, 13, 'Cordillera', 'San Jose De Maipo', '0000-00-00 00:00:00', '0000-00-00 00:00:00'),
	(294, 10, 'Osorno', 'San Juan De La Costa', '0000-00-00 00:00:00', '0000-00-00 00:00:00'),
	(295, 13, 'Santiago', 'San Miguel', '0000-00-00 00:00:00', '0000-00-00 00:00:00'),
	(296, 16, 'Ñuble', 'San Nicolas', '0000-00-00 00:00:00', '0000-00-00 00:00:00'),
	(297, 10, 'Osorno', 'San Pablo', '0000-00-00 00:00:00', '0000-00-00 00:00:00'),
	(298, 13, 'Melipilla', 'San Pedro', '0000-00-00 00:00:00', '0000-00-00 00:00:00'),
	(299, 2, 'El Loa', 'San Pedro De Atacama', '0000-00-00 00:00:00', '0000-00-00 00:00:00'),
	(300, 8, 'Concepcion', 'San Pedro De La Paz', '0000-00-00 00:00:00', '0000-00-00 00:00:00'),
	(301, 7, 'Talca', 'San Rafael', '0000-00-00 00:00:00', '0000-00-00 00:00:00'),
	(302, 13, 'Santiago', 'San Ramon', '0000-00-00 00:00:00', '0000-00-00 00:00:00'),
	(303, 8, 'Bio-bio', 'San Rosendo', '0000-00-00 00:00:00', '0000-00-00 00:00:00'),
	(304, 6, 'Cachapoal', 'San Vicente', '0000-00-00 00:00:00', '0000-00-00 00:00:00'),
	(305, 8, 'Bio-bio', 'Santa Barbara', '0000-00-00 00:00:00', '0000-00-00 00:00:00'),
	(306, 6, 'Colchagua', 'Santa Cruz', '0000-00-00 00:00:00', '0000-00-00 00:00:00'),
	(307, 8, 'Concepcion', 'Santa Juana', '0000-00-00 00:00:00', '0000-00-00 00:00:00'),
	(308, 5, 'San Felipe', 'Santa Maria', '0000-00-00 00:00:00', '0000-00-00 00:00:00'),
	(309, 13, 'Santiago', 'Santiago', '0000-00-00 00:00:00', '0000-00-00 00:00:00'),
	(310, 5, 'San Antonio', 'Santo Domingo', '0000-00-00 00:00:00', '0000-00-00 00:00:00'),
	(311, 2, 'Antofagasta', 'Sierra Gorda', '0000-00-00 00:00:00', '0000-00-00 00:00:00'),
	(312, 13, 'Talagante', 'Talagante', '0000-00-00 00:00:00', '0000-00-00 00:00:00'),
	(313, 7, 'Talca', 'Talca', '0000-00-00 00:00:00', '0000-00-00 00:00:00'),
	(314, 8, 'Concepcion', 'Talcahuano', '0000-00-00 00:00:00', '0000-00-00 00:00:00'),
	(315, 2, 'Antofagasta', 'Taltal', '0000-00-00 00:00:00', '0000-00-00 00:00:00'),
	(316, 9, 'Cautin', 'Temuco', '0000-00-00 00:00:00', '0000-00-00 00:00:00'),
	(317, 7, 'Curico', 'Teno', '0000-00-00 00:00:00', '0000-00-00 00:00:00'),
	(318, 9, 'Cautin', 'Teodoro Schmidt', '0000-00-00 00:00:00', '0000-00-00 00:00:00'),
	(319, 3, 'Copiapo', 'Tierra Amarilla', '0000-00-00 00:00:00', '0000-00-00 00:00:00'),
	(320, 13, 'Chacabuco', 'Tiltil', '0000-00-00 00:00:00', '0000-00-00 00:00:00'),
	(321, 12, 'Tierra Del Fuego', 'Timaukel', '0000-00-00 00:00:00', '0000-00-00 00:00:00'),
	(322, 8, 'Arauco', 'Tirua', '0000-00-00 00:00:00', '0000-00-00 00:00:00'),
	(323, 2, 'Tocopilla', 'Tocopilla', '0000-00-00 00:00:00', '0000-00-00 00:00:00'),
	(324, 9, 'Cautin', 'Tolten', '0000-00-00 00:00:00', '0000-00-00 00:00:00'),
	(325, 8, 'Concepcion', 'Tome', '0000-00-00 00:00:00', '0000-00-00 00:00:00'),
	(326, 12, 'Ultima Esperanza', 'Torres Del Paine', '0000-00-00 00:00:00', '0000-00-00 00:00:00'),
	(327, 11, 'Capitan Prat', 'Tortel', '0000-00-00 00:00:00', '0000-00-00 00:00:00'),
	(328, 9, 'Malleco', 'Traiguen', '0000-00-00 00:00:00', '0000-00-00 00:00:00'),
	(329, 16, 'Ñuble', 'Treguaco', '0000-00-00 00:00:00', '0000-00-00 00:00:00'),
	(330, 8, 'Bio-bio', 'Tucapel', '0000-00-00 00:00:00', '0000-00-00 00:00:00'),
	(331, 14, 'Valdivia', 'Valdivia', '0000-00-00 00:00:00', '0000-00-00 00:00:00'),
	(332, 3, 'Huasco', 'Vallenar', '0000-00-00 00:00:00', '0000-00-00 00:00:00'),
	(333, 5, 'Valparaiso', 'Valparaiso', '0000-00-00 00:00:00', '0000-00-00 00:00:00'),
	(334, 7, 'Curico', 'Vichuquen', '0000-00-00 00:00:00', '0000-00-00 00:00:00'),
	(335, 9, 'Malleco', 'Victoria', '0000-00-00 00:00:00', '0000-00-00 00:00:00'),
	(336, 4, 'Elqui', 'Vicuña', '0000-00-00 00:00:00', '0000-00-00 00:00:00'),
	(337, 9, 'Cautin', 'Vilcun', '0000-00-00 00:00:00', '0000-00-00 00:00:00'),
	(338, 7, 'Linares', 'Villa Alegre', '0000-00-00 00:00:00', '0000-00-00 00:00:00'),
	(339, 5, 'Valparaiso', 'Villa Alemana', '0000-00-00 00:00:00', '0000-00-00 00:00:00'),
	(340, 9, 'Cautin', 'Villarrica', '0000-00-00 00:00:00', '0000-00-00 00:00:00'),
	(341, 5, 'Valparaiso', 'Viña Del Mar', '0000-00-00 00:00:00', '0000-00-00 00:00:00'),
	(342, 13, 'Santiago', 'Vitacura', '0000-00-00 00:00:00', '0000-00-00 00:00:00'),
	(343, 7, 'Linares', 'Yerbas Buenas', '0000-00-00 00:00:00', '0000-00-00 00:00:00'),
	(344, 8, 'Bio-bio', 'Yumbel', '0000-00-00 00:00:00', '0000-00-00 00:00:00'),
	(345, 16, 'Ñuble', 'Yungay', '0000-00-00 00:00:00', '0000-00-00 00:00:00'),
	(346, 5, 'Petorca', 'Zapallar', '0000-00-00 00:00:00', '0000-00-00 00:00:00');
/*!40000 ALTER TABLE `comuna` ENABLE KEYS */;

CREATE TABLE IF NOT EXISTS `region` (
  `id` bigint(20) unsigned NOT NULL AUTO_INCREMENT,
  `nombre` varchar(255) COLLATE utf8mb4_unicode_ci NOT NULL,
  `iniciales` varchar(255) COLLATE utf8mb4_unicode_ci NOT NULL,
  `created_at` timestamp NULL DEFAULT NULL,
  `updated_at` timestamp NULL DEFAULT NULL,
  PRIMARY KEY (`id`)
) ENGINE=InnoDB AUTO_INCREMENT=17 DEFAULT CHARSET=utf8mb4 COLLATE=utf8mb4_unicode_ci;

/*!40000 ALTER TABLE `region` DISABLE KEYS */;
INSERT INTO `region` (`id`, `nombre`, `iniciales`, `created_at`, `updated_at`) VALUES
	(1, 'Tarapacá', 'I', '2022-06-16 12:16:31', '2022-06-16 12:16:35'),
	(2, 'Antofagasta', 'II', '2022-06-16 12:16:36', '2022-06-16 12:16:37'),
	(3, 'Atacama', 'III', '2022-06-16 12:16:38', '2022-06-16 12:16:39'),
	(4, 'Coquimbo', 'IV', '2022-06-16 12:16:39', '2022-06-16 12:16:40'),
	(5, 'Valparaiso', 'V', '2022-06-16 12:16:41', '2022-06-16 12:16:42'),
	(6, 'Libertador General Bernardo O´Higgins', 'VI', '2022-06-16 12:16:45', '2022-06-16 12:16:46'),
	(7, 'Maule', 'VII', '2022-06-16 12:16:47', '2022-06-16 12:16:48'),
	(8, 'Biobío', 'VIII', '2022-06-16 12:16:48', '2022-06-16 12:16:49'),
	(9, 'La Araucanía', 'IX', '2022-06-16 12:16:50', '2022-06-16 12:16:51'),
	(10, 'Los Lagos', 'X', '2022-06-16 12:16:52', '2022-06-16 12:16:53'),
	(11, 'Aysén del General Carlos Ibáñez del Campo', 'XI', '2022-06-16 12:16:53', '2022-06-16 12:16:54'),
	(12, 'Magallanes y de la Antártica Chilena', 'XII', '2022-06-16 12:16:55', '2022-06-16 12:16:56'),
	(13, 'Metropolitana de Santiago', 'RM', '2022-06-16 12:16:43', '2022-06-16 12:16:44'),
	(14, 'Los Ríos', 'XIV', '2022-06-16 12:16:57', '2022-06-16 12:16:58'),
	(15, 'Arica y Parinacota', 'XV', '2022-06-16 12:16:59', '2022-06-16 12:16:59'),
	(16, 'Ñuble', 'XVI', '2022-06-16 12:17:00', '2022-06-16 12:17:01');
/*!40000 ALTER TABLE `region` ENABLE KEYS */;

CREATE TABLE IF NOT EXISTS `votos` (
  `id` bigint(20) unsigned NOT NULL AUTO_INCREMENT,
  `nombre` varchar(250) COLLATE utf8mb4_spanish_ci NOT NULL,
  `alias` varchar(250) COLLATE utf8mb4_spanish_ci NOT NULL,
  `rut` varchar(250) COLLATE utf8mb4_spanish_ci NOT NULL,
  `email` varchar(250) COLLATE utf8mb4_spanish_ci NOT NULL,
  `id_comuna` int(11) NOT NULL,
  `id_candidato` int(11) NOT NULL,
  `como` varchar(250) COLLATE utf8mb4_spanish_ci NOT NULL DEFAULT '',
  `created_at` timestamp NULL DEFAULT NULL,
  `updated_at` timestamp NULL DEFAULT NULL,
  PRIMARY KEY (`id`)
) ENGINE=InnoDB AUTO_INCREMENT=12 DEFAULT CHARSET=utf8mb4 COLLATE=utf8mb4_spanish_ci;

/*!40000 ALTER TABLE `votos` DISABLE KEYS */;
INSERT INTO `votos` (`id`, `nombre`, `alias`, `rut`, `email`, `id_comuna`, `id_candidato`, `como`, `created_at`, `updated_at`) VALUES
	(1, 'Andres Garza', 'Andresito', '23456765-8', 'andresgarza@gmail.com', 302, 3, 'web, tv', '2023-10-05 21:14:39', '2023-10-05 21:14:43'),
	(2, 'Enrique Noguera', 'black23', '26127764-6', 'maikelnoguera@gmail.com', 20, 66666666, 'web, Redes Sociales', NULL, NULL),
	(3, 'Enrique Noguera', 'black23', '26127764-6', 'maikelnoguera@gmail.com', 11, 44444444, 'Redes Sociales, Amigos', '2023-10-05 22:47:34', '2023-10-05 22:47:34'),
	(4, 'Enrique Noguera', 'black23', '26127764-6', 'maikelnoguera@gmail.com', 167, 66666666, 'tv, Redes Sociales', '2023-10-05 22:56:19', '2023-10-05 22:56:19'),
	(5, 'Enrique Noguera', 'black23', '26127764-6', 'maikelnoguera@gmail.com', 43, 66666666, 'tv, Redes Sociales', '2023-10-05 23:07:57', '2023-10-05 23:07:57'),
	(6, 'Enrique Noguera', 'black23', '26127764-6', 'maikelnoguera@gmail.com', 11, 66666666, 'web, Amigos', '2023-10-05 23:08:30', '2023-10-05 23:08:30'),
	(7, 'Enrique Noguera', 'black23', '26127764-6', 'maikelnoguera@gmail.com', 14, 44444444, 'web, tv', '2023-10-05 23:10:04', '2023-10-05 23:10:04'),
	(8, 'Enrique Noguera', 'black23', '26452450-4', 'maikelnoguera@gmail.com', 14, 66666666, 'tv, Redes Sociales', '2023-10-05 23:16:06', '2023-10-05 23:16:06'),
	(9, 'Enrique Noguera', 'black23', '26127764-6', 'maikelnoguera@gmail.com', 14, 66666666, 'web, Redes Sociales', '2023-10-05 23:16:20', '2023-10-05 23:16:20'),
	(10, 'Enrique Noguera', 'black23', '26127764-6', 'maikelnoguera@gmail.com', 20, 77777777, 'tv, Redes Sociales', '2023-10-05 23:19:24', '2023-10-05 23:19:24'),
	(11, 'Enrique Noguera', 'black23', '26127764-6', 'maikelnoguera@gmail.com', 11, 66666666, 'tv, Redes Sociales', '2023-10-05 23:27:57', '2023-10-05 23:27:57');
/*!40000 ALTER TABLE `votos` ENABLE KEYS */;

/*!40101 SET SQL_MODE=IFNULL(@OLD_SQL_MODE, '') */;
/*!40014 SET FOREIGN_KEY_CHECKS=IFNULL(@OLD_FOREIGN_KEY_CHECKS, 1) */;
/*!40101 SET CHARACTER_SET_CLIENT=@OLD_CHARACTER_SET_CLIENT */;
/*!40111 SET SQL_NOTES=IFNULL(@OLD_SQL_NOTES, 1) */;
